threshold,precision,recall,f1,customers_contacted,expected_saved_revenue,total_contact_cost,net_value
0.05,0.341,0.971,0.504,1066,8348.61,15990.0,-7641.39
0.060000000000000005,0.349,0.971,0.513,1040,8325.5,15600.0,-7274.5
0.07,0.357,0.971,0.522,1016,8293.23,15240.0,-6946.77
0.08000000000000002,0.365,0.96,0.529,983,8248.2,14745.0,-6496.8
0.09000000000000001,0.373,0.952,0.536,955,8200.06,14325.0,-6124.94
0.1,0.381,0.944,0.543,927,8154.48,13905.0,-5750.52
0.11000000000000001,0.39,0.944,0.552,905,8114.51,13575.0,-5460.49
0.12000000000000002,0.399,0.944,0.561,885,8070.45,13275.0,-5204.55
0.13,0.405,0.939,0.566,866,8023.18,12990.0,-4966.82
0.14,0.414,0.933,0.574,843,7969.02,12645.0,-4675.98
0.15000000000000002,0.421,0.925,0.579,821,7918.93,12315.0,-4396.07
0.16000000000000003,0.429,0.909,0.583,793,7844.79,11895.0,-4050.21
0.17000000000000004,0.432,0.896,0.583,775,7786.02,11625.0,-3838.98
0.18000000000000002,0.442,0.89,0.591,753,7709.37,11295.0,-3585.63
0.19000000000000003,0.45,0.885,0.597,735,7633.19,11025.0,-3391.81
0.20000000000000004,0.457,0.877,0.601,717,7552.42,10755.0,-3202.58
0.21000000000000002,0.463,0.864,0.603,698,7475.51,10470.0,-2994.49
0.22000000000000003,0.464,0.858,0.602,692,7443.83,10380.0,-2936.17
0.23000000000000004,0.466,0.848,0.602,680,7384.41,10200.0,-2815.59
0.24000000000000005,0.477,0.845,0.61,662,7283.24,9930.0,-2646.76
0.25000000000000006,0.485,0.84,0.615,647,7201.44,9705.0,-2503.56
0.26000000000000006,0.493,0.832,0.619,631,7111.87,9465.0,-2353.13
0.27,0.493,0.81,0.613,615,7026.79,9225.0,-2198.21
0.28,0.501,0.799,0.616,597,6934.95,8955.0,-2020.05
0.29000000000000004,0.511,0.791,0.621,579,6802.9,8685.0,-1882.1
0.30000000000000004,0.519,0.789,0.626,568,6756.95,8520.0,-1763.05
0.31000000000000005,0.527,0.781,0.629,554,6684.27,8310.0,-1625.73
0.32000000000000006,0.536,0.751,0.626,524,6523.14,7860.0,-1336.86
0.33000000000000007,0.539,0.733,0.621,508,6401.83,7620.0,-1218.17
0.3400000000000001,0.544,0.725,0.622,498,6338.09,7470.0,-1131.91
0.3500000000000001,0.554,0.717,0.625,484,6228.73,7260.0,-1031.27
0.36000000000000004,0.559,0.706,0.624,472,6124.43,7080.0,-955.57
0.37000000000000005,0.563,0.693,0.621,460,6027.55,6900.0,-872.45
0.38000000000000006,0.572,0.679,0.621,444,5880.87,6660.0,-779.13
0.39000000000000007,0.58,0.671,0.622,433,5803.33,6495.0,-691.67
0.4000000000000001,0.59,0.655,0.621,415,5640.49,6225.0,-584.51
0.4100000000000001,0.597,0.644,0.62,404,5557.35,6060.0,-502.65
0.4200000000000001,0.599,0.636,0.617,397,5495.79,5955.0,-459.21
0.43000000000000005,0.605,0.61,0.607,377,5325.33,5655.0,-329.67
0.44000000000000006,0.614,0.596,0.605,363,5172.63,5445.0,-272.37
0.45000000000000007,0.62,0.586,0.602,353,5093.9,5295.0,-201.1
0.4600000000000001,0.622,0.567,0.593,341,4974.36,5115.0,-140.64
0.4700000000000001,0.627,0.553,0.588,330,4872.41,4950.0,-77.59
0.4800000000000001,0.635,0.529,0.577,312,4689.77,4680.0,9.77
0.4900000000000001,0.641,0.511,0.568,298,4535.53,4470.0,65.53
0.5000000000000001,0.65,0.492,0.56,283,4366.97,4245.0,121.97
0.5100000000000001,0.661,0.479,0.555,271,4248.81,4065.0,183.81
0.5200000000000001,0.665,0.463,0.546,260,4133.98,3900.0,233.98
0.5300000000000001,0.664,0.439,0.528,247,3989.35,3705.0,284.35
0.5400000000000001,0.674,0.425,0.521,236,3866.76,3540.0,326.76
0.55,0.672,0.412,0.511,229,3783.22,3435.0,348.22
0.56,0.668,0.393,0.495,220,3664.51,3300.0,364.51
0.5700000000000001,0.682,0.39,0.497,214,3579.84,3210.0,369.84
0.5800000000000001,0.696,0.38,0.491,204,3440.05,3060.0,380.05
0.5900000000000001,0.692,0.361,0.475,195,3308.28,2925.0,383.28
0.6000000000000001,0.693,0.35,0.465,189,3211.17,2835.0,376.17
0.6100000000000001,0.705,0.345,0.463,183,3117.82,2745.0,372.82
0.6200000000000001,0.718,0.334,0.456,174,3004.57,2610.0,394.57
0.6300000000000001,0.724,0.316,0.439,163,2840.66,2445.0,395.66
0.6400000000000001,0.742,0.307,0.435,155,2718.61,2325.0,393.61
0.6500000000000001,0.741,0.283,0.41,143,2562.38,2145.0,417.38
0.6600000000000001,0.75,0.273,0.4,136,2450.84,2040.0,410.84
0.6700000000000002,0.752,0.259,0.386,129,2355.81,1935.0,420.81
0.6800000000000002,0.762,0.249,0.375,122,2241.91,1830.0,411.91
0.6900000000000002,0.771,0.243,0.37,118,2176.86,1770.0,406.86
0.7000000000000002,0.764,0.225,0.347,110,2031.87,1650.0,381.87
0.7100000000000002,0.769,0.214,0.335,104,1933.45,1560.0,373.45
0.7200000000000001,0.789,0.201,0.32,95,1792.37,1425.0,367.37
0.7300000000000001,0.805,0.187,0.304,87,1659.47,1305.0,354.47
0.7400000000000001,0.792,0.163,0.271,77,1471.73,1155.0,316.73
0.7500000000000001,0.803,0.142,0.241,66,1272.77,990.0,282.77
0.7600000000000001,0.82,0.134,0.23,61,1175.23,915.0,260.23
0.7700000000000001,0.836,0.123,0.214,55,1058.42,825.0,233.42
0.7800000000000001,0.867,0.104,0.186,45,867.81,675.0,192.81
0.7900000000000001,0.854,0.094,0.169,41,810.98,615.0,195.98
0.8000000000000002,0.833,0.08,0.146,36,707.96,540.0,167.96
0.8100000000000002,0.885,0.061,0.115,26,513.61,390.0,123.61
0.8200000000000002,0.867,0.035,0.067,15,325.15,225.0,100.15
0.8300000000000002,0.9,0.024,0.047,10,230.29,150.0,80.29
0.8400000000000002,0.833,0.013,0.026,6,146.9,90.0,56.9
0.8500000000000002,0.75,0.008,0.016,4,97.63,60.0,37.63
0.8600000000000002,0.75,0.008,0.016,4,97.63,60.0,37.63
0.8700000000000001,1.0,0.003,0.005,1,25.07,15.0,10.07
0.8800000000000001,0.0,0.0,0.0,0,0.0,0.0,0.0
0.8900000000000001,0.0,0.0,0.0,0,0.0,0.0,0.0
0.9000000000000001,0.0,0.0,0.0,0,0.0,0.0,0.0
0.9100000000000001,0.0,0.0,0.0,0,0.0,0.0,0.0
0.9200000000000002,0.0,0.0,0.0,0,0.0,0.0,0.0
0.9300000000000002,0.0,0.0,0.0,0,0.0,0.0,0.0
0.9400000000000002,0.0,0.0,0.0,0,0.0,0.0,0.0
